state_code,income_bucket,loan_purpose,median_loan_amount_male,median_loan_amount_female,median_interest_rate_male,median_interest_rate_female,approvals_male,approvals_female,loan_amount_gap_male_minus_female,interest_rate_gap_male_minus_female
MO,Middle,2,55000.0,55000.0,7.75,7.75,2471,1336,0.0,0.0
NY,Low,1,145000.0,145000.0,6.625,6.624,9875,8483,0.0,0.001000000000000334
NC,High,32,275000.0,265000.0,7.0,7.0,2649,1059,10000.0,0.0
FL,Low,2,55000.0,55000.0,8.0,8.0,4043,4068,0.0,0.0
PR,Middle,2,100000.0,105000.0,6.875,6.625,12,7,-5000.0,0.25
KS,Low,2,35000.0,35000.0,8.0,7.99,458,439,0.0,0.009999999999999787
NV,Low,4,55000.0,55000.0,7.99,7.99,659,585,0.0,0.0
MT,Low,32,175000.0,155000.0,6.625,6.625,318,222,20000.0,0.0
NC,Middle,1,305000.0,295000.0,6.5,6.5,35633,22236,10000.0,0.0
TX,High,31,355000.0,315000.0,6.75,6.75,5142,1783,40000.0,0.0
ND,High,31,135000.0,125000.0,7.75,7.5,178,49,10000.0,0.25
FL,Low,31,125000.0,115000.0,7.202500000000001,7.1075,2416,2530,10000.0,0.09500000000000064
ND,High,2,75000.0,55000.0,7.99,7.99,278,95,20000.0,0.0
TN,High,31,265000.0,255000.0,7.5,7.25,2362,620,10000.0,0.25
MO,Low,1,155000.0,145000.0,6.75,6.75,12761,9895,10000.0,0.0
OK,High,2,75000.0,65000.0,8.125,8.0,1061,405,10000.0,0.125
NE,Middle,31,95000.0,105000.0,7.5,7.25,501,235,-10000.0,0.25
WY,Low,1,185000.0,175000.0,6.125,6.125,977,670,10000.0,0.0
FL,Middle,4,65000.0,65000.0,8.75,8.75,10912,6420,0.0,0.0
WA,High,2,105000.0,105000.0,8.0,7.99,5408,2886,0.0,0.009999999999999787
HI,High,32,555000.0,515000.0,6.625,6.875,317,135,40000.0,-0.25
AL,High,2,85000.0,75000.0,8.5,8.555,1490,550,10000.0,-0.054999999999999716
ME,Middle,4,65000.0,65000.0,8.0,7.75,745,421,0.0,0.25
IA,High,32,125000.0,125000.0,7.0,7.24,553,252,0.0,-0.2400000000000002
OK,High,31,245000.0,225000.0,7.25,7.21,770,180,20000.0,0.040000000000000036
IN,Middle,32,145000.0,135000.0,6.99,6.99,5507,2390,10000.0,0.0
AR,Middle,4,55000.0,55000.0,9.0,9.0,1306,633,0.0,0.0
MI,Middle,4,55000.0,55000.0,8.5,8.5,5452,3003,0.0,0.0
TN,High,2,105000.0,105000.0,8.28,8.25,2920,1056,0.0,0.02999999999999936
WA,Low,4,55000.0,55000.0,8.0,7.99,1086,997,0.0,0.009999999999999787
CA,High,4,145000.0,125000.0,8.69,8.5,14309,6995,20000.0,0.1899999999999995
TX,High,2,105000.0,105000.0,7.49,7.49,6222,2386,0.0,0.0
HI,Low,32,235000.0,185000.0,6.1625,6.25,98,57,50000.0,-0.08750000000000036
PR,Middle,31,165000.0,145000.0,5.875,6.5,49,24,20000.0,-0.625
VI,Middle,32,255000.0,485000.0,8.125,5.75,1,1,-230000.0,2.375
SC,High,1,405000.0,385000.0,6.625,6.75,13411,5805,20000.0,-0.125
KS,Low,31,55000.0,65000.0,7.3,7.223,417,375,-10000.0,0.07699999999999996
MO,Middle,31,115000.0,115000.0,7.375,7.1425,1727,834,0.0,0.23249999999999993
AL,High,31,205000.0,205000.0,7.6235,7.5,1456,355,0.0,0.12349999999999994
KY,High,4,105000.0,85000.0,8.0,8.25,1311,466,20000.0,-0.25
LA,High,1,345000.0,325000.0,6.75,6.75,5114,2060,20000.0,0.0
NE,Middle,2,55000.0,55000.0,7.75,7.75,814,385,0.0,0.0
CO,Middle,4,65000.0,65000.0,8.89,9.0,4339,2769,0.0,-0.10999999999999943
TN,Middle,1,305000.0,295000.0,6.625,6.625,22815,12369,10000.0,0.0
NM,Middle,1,275000.0,270000.0,6.75,6.75,5562,3148,5000.0,0.0
NY,High,4,115000.0,105000.0,7.74,7.5,4818,2010,10000.0,0.2400000000000002
WY,Middle,4,55000.0,55000.0,7.95,7.0,267,123,0.0,0.9500000000000002
WA,High,31,285000.0,205000.0,7.18,7.24,2472,1180,80000.0,-0.0600000000000005
MA,Low,32,165000.0,155000.0,6.5,6.5,776,810,10000.0,0.0
MT,Low,31,115000.0,115000.0,7.68,7.22,168,121,0.0,0.45999999999999996
IN,Middle,31,95000.0,105000.0,7.625,7.375,2809,1009,-10000.0,0.25
WA,High,32,355000.0,315000.0,7.25,7.375,2647,1160,40000.0,-0.125
MN,Middle,1,285000.0,275000.0,6.625,6.75,15805,10890,10000.0,-0.125
HI,Low,31,145000.0,155000.0,5.474,5.875,109,153,-10000.0,-0.4009999999999998
MT,Low,2,55000.0,45000.0,8.5,8.55,203,191,10000.0,-0.05000000000000071
NE,Middle,32,165000.0,145000.0,6.99,6.99,913,440,20000.0,0.0
VI,High,1,405000.0,465000.0,8.125,8.125,8,5,-60000.0,0.0
TX,High,32,215000.0,205000.0,7.375,7.375,8917,3280,10000.0,0.0
RI,Low,1,245000.0,225000.0,6.5,6.562,529,555,20000.0,-0.06200000000000028
TN,High,32,255000.0,225000.0,7.25,7.25,2153,841,30000.0,0.0
NJ,Low,4,55000.0,55000.0,8.0,7.99,790,816,0.0,0.009999999999999787
LA,Middle,1,235000.0,235000.0,6.75,6.75,10120,5360,0.0,0.0
KS,Low,32,105000.0,105000.0,6.625,6.625,852,681,0.0,0.0
MA,Low,31,135000.0,115000.0,7.25,7.25,770,824,20000.0,0.0
OK,Low,1,155000.0,145000.0,6.75,6.75,8019,5672,10000.0,0.0
MO,Middle,32,185000.0,165000.0,6.75,6.75,3015,1488,20000.0,0.0
MA,Low,2,55000.0,55000.0,7.74,7.5,954,1086,0.0,0.2400000000000002
AZ,Low,1,235000.0,225000.0,6.49,6.49,9241,7293,10000.0,0.0
PA,Low,4,45000.0,45000.0,7.5,7.44,3995,3236,0.0,0.05999999999999961
IA,High,2,65000.0,55000.0,7.75,7.5,1071,545,10000.0,0.25
ND,High,32,140000.0,125000.0,6.8625,6.74,140,56,15000.0,0.12249999999999961
HI,Low,2,95000.0,95000.0,5.55,5.3,103,137,0.0,0.25
HI,High,2,205000.0,205000.0,5.35,5.25,735,307,0.0,0.09999999999999964
IA,High,31,145000.0,105000.0,6.99,6.9399999999999995,721,288,40000.0,0.05000000000000071
MT,High,4,125000.0,105000.0,8.5,8.49,293,121,20000.0,0.009999999999999787
HI,High,31,325000.0,305000.0,5.2,5.25,690,292,20000.0,-0.04999999999999982
PR,Middle,32,175000.0,160000.0,6.5,6.25,141,76,15000.0,0.25
NC,High,31,205000.0,205000.0,7.24,6.99,3979,1362,0.0,0.25
NC,High,2,105000.0,105000.0,7.49,7.49,5968,2560,0.0,0.0
NJ,High,1,525000.0,475000.0,6.625,6.7,23505,10236,50000.0,-0.07500000000000018
AL,High,32,235000.0,180000.0,6.99,7.0,1268,380,55000.0,-0.009999999999999787
FL,Low,32,165000.0,145000.0,6.6,6.625,7905,6928,20000.0,-0.025000000000000355
VT,High,1,395000.0,375000.0,6.75,6.75,1054,651,20000.0,0.0
IN,Middle,2,55000.0,55000.0,8.25,8.25,4543,1952,0.0,0.0
OK,High,32,205000.0,180000.0,7.0,7.25,693,258,25000.0,-0.25
GA,Low,31,115000.0,105000.0,7.1,6.99,1402,1278,10000.0,0.10999999999999943
TX,Low,32,125000.0,115000.0,7.0,7.005,4980,4710,10000.0,-0.004999999999999893
GA,Low,2,55000.0,55000.0,8.25,8.25,1683,1640,0.0,0.0
MT,High,1,485000.0,445000.0,6.75,6.875,2141,1024,40000.0,-0.125
WI,Low,32,115000.0,95000.0,6.75,6.75,2603,1933,20000.0,0.0
PR,Low,31,115000.0,100000.0,6.25,5.875,102,108,15000.0,0.375
PR,Low,2,90000.0,85000.0,7.125,6.125,22,25,5000.0,1.0
DE,High,31,225000.0,225000.0,7.5975,7.695,284,118,0.0,-0.09750000000000014
NJ,High,4,105000.0,105000.0,8.32,8.25,5139,1988,0.0,0.07000000000000028
AK,Middle,32,235000.0,165000.0,6.75,6.875,259,125,70000.0,-0.125
RI,Low,4,55000.0,55000.0,7.99,7.75,297,278,0.0,0.2400000000000002
MN,Middle,4,55000.0,55000.0,8.0,8.0,2953,1695,0.0,0.0
PA,High,2,95000.0,85000.0,7.49,7.39,7457,3220,10000.0,0.10000000000000053
PA,High,31,185000.0,155000.0,7.25,7.25,4514,1575,30000.0,0.0
VT,High,4,105000.0,105000.0,7.5,7.5,200,85,0.0,0.0
AK,High,2,105000.0,90000.0,8.24,8.5625,119,66,15000.0,-0.3224999999999998
GU,Low,32,305000.0,,7.875,,1,,,
MN,High,31,185000.0,155000.0,7.5,7.5,1561,641,30000.0,0.0
ND,Middle,2,45000.0,45000.0,8.0,8.14,270,160,0.0,-0.14000000000000057
OH,Middle,2,55000.0,55000.0,8.5,8.59,7518,4064,0.0,-0.08999999999999986
AZ,Low,4,55000.0,55000.0,8.125,8.0,1681,1528,0.0,0.125
MN,High,2,85000.0,75000.0,7.99,7.75,3055,1551,10000.0,0.2400000000000002
ND,Middle,31,125000.0,105000.0,7.32,7.395,186,74,20000.0,-0.07499999999999929
MA,Middle,32,255000.0,245000.0,6.74,6.75,2429,1668,10000.0,-0.009999999999999787
OK,Low,4,45000.0,45000.0,8.25,7.99,797,694,0.0,0.2599999999999998
AK,High,31,415000.0,330000.0,6.625,6.5,69,28,85000.0,0.125
DE,High,2,105000.0,105000.0,8.25,8.25,486,243,0.0,0.0
NJ,Low,1,195000.0,185000.0,6.625,6.5,3814,3671,10000.0,0.125
ID,High,31,385000.0,365000.0,7.25,7.5,636,165,20000.0,-0.25
OH,Middle,31,105000.0,105000.0,7.75,7.72,4054,1974,0.0,0.03000000000000025
LA,Middle,4,55000.0,55000.0,9.0875,9.0,726,365,0.0,0.08750000000000036
RI,Middle,32,235000.0,235000.0,6.75,6.75,661,394,0.0,0.0
TN,Low,32,155000.0,135000.0,6.625,6.625,4178,3436,20000.0,0.0
ID,High,2,115000.0,105000.0,8.5,8.5,1317,530,10000.0,0.0
PA,Low,1,155000.0,155000.0,6.625,6.625,17675,14025,0.0,0.0
AL,Middle,2,55000.0,55000.0,8.75,8.75,1935,989,0.0,0.0
MA,High,31,255000.0,245000.0,7.49,7.49,3116,1402,10000.0,0.0
MN,Low,4,45000.0,45000.0,7.75,7.715,1189,994,0.0,0.03500000000000014
WI,High,31,135000.0,105000.0,5.875,5.49,2888,1288,30000.0,0.3849999999999998
VA,High,32,255000.0,235000.0,7.125,7.125,3262,1292,20000.0,0.0
MT,Middle,1,325000.0,305000.0,6.625,6.625,2683,1587,20000.0,0.0
GA,Middle,4,65000.0,65000.0,8.95,9.0,4383,2583,0.0,-0.05000000000000071
IL,Middle,2,55000.0,55000.0,8.5,8.5,3699,1846,0.0,0.0
KS,Middle,4,55000.0,45000.0,8.39,8.1425,922,560,10000.0,0.2475000000000005
MD,High,4,105000.0,95000.0,8.5,8.5,2618,1290,10000.0,0.0
AL,Middle,31,125000.0,125000.0,7.5,7.215,1731,722,0.0,0.28500000000000014
AR,High,32,245000.0,255000.0,6.875,6.99,489,157,-10000.0,-0.11500000000000021
ID,Low,31,145000.0,125000.0,7.24,7.08,410,365,20000.0,0.16000000000000014
NH,Low,1,195000.0,175000.0,6.625,6.625,798,664,20000.0,0.0
MA,High,2,135000.0,115000.0,7.5,7.74,5486,2633,20000.0,-0.2400000000000002
CO,Low,31,165000.0,155000.0,7.25,7.25,623,688,10000.0,0.0
CT,High,32,265000.0,245000.0,6.99,6.99,1040,466,20000.0,0.0
WV,Middle,31,85000.0,105000.0,6.875,6.824999999999999,493,186,-20000.0,0.05000000000000071
AK,Low,32,185000.0,145000.0,6.625,6.625,111,75,40000.0,0.0
LA,Low,2,45000.0,55000.0,8.3,8.0,296,315,-10000.0,0.3000000000000007
VA,Middle,1,325000.0,305000.0,6.625,6.625,23152,14561,20000.0,0.0
IL,High,4,95000.0,85000.0,8.54,8.75,3523,1271,10000.0,-0.21000000000000085
OH,High,4,95000.0,85000.0,8.25,8.5,4547,1684,10000.0,-0.25
WA,Middle,2,75000.0,75000.0,8.24,8.0,4594,3078,0.0,0.2400000000000002
CO,High,32,305000.0,305000.0,7.4015,7.5,2854,1206,0.0,-0.09849999999999959
MI,High,4,105000.0,75000.0,8.385000000000002,8.38,3520,1369,30000.0,0.005000000000000782
FL,High,4,125000.0,105000.0,8.5,8.5,9712,3707,20000.0,0.0
NV,Middle,32,265000.0,225000.0,6.75,6.99,1818,969,40000.0,-0.2400000000000002
NV,High,4,105000.0,105000.0,9.08,8.870000000000001,1038,492,0.0,0.20999999999999908
IL,Middle,31,105000.0,115000.0,7.2,7.0,2513,1273,-10000.0,0.20000000000000018
WV,High,4,75000.0,75000.0,7.625,7.69,246,87,0.0,-0.06500000000000039
PR,High,4,440000.0,205000.0,6.375,6.5,20,6,235000.0,-0.125
VA,Low,1,205000.0,195000.0,6.625,6.625,10105,8271,10000.0,0.0
IA,Middle,32,125000.0,115000.0,6.75,6.799,1389,697,10000.0,-0.04900000000000038
WI,Middle,1,245000.0,245000.0,6.75,6.75,14353,8616,0.0,0.0
ID,Low,2,55000.0,55000.0,8.5,8.5,752,593,0.0,0.0
MI,Low,32,115000.0,105000.0,6.75,6.75,5017,4041,10000.0,0.0
IA,Low,32,95000.0,105000.0,6.625,6.625,1004,784,-10000.0,0.0
MS,Middle,4,55000.0,55000.0,8.5,8.5,1232,495,0.0,0.0
IN,Low,1,155000.0,145000.0,6.875,6.875,17489,13220,10000.0,0.0
WA,Middle,31,155000.0,145000.0,7.0,7.125,1756,1116,10000.0,-0.125
NY,Middle,31,125000.0,125000.0,6.875,6.75,3419,2119,0.0,0.125
UT,High,31,255000.0,205000.0,7.5,7.74,2431,742,50000.0,-0.2400000000000002
WV,Middle,2,55000.0,55000.0,7.75,7.995,560,204,0.0,-0.2450000000000001
OH,Low,4,45000.0,45000.0,8.55,8.51,4331,3515,0.0,0.040000000000000924
WI,High,2,85000.0,75000.0,6.99,6.25,3504,1773,10000.0,0.7400000000000002
UT,High,2,105000.0,105000.0,7.99,7.99,3513,1184,0.0,0.0
ND,Low,32,95000.0,105000.0,6.74,6.75,113,100,-10000.0,-0.009999999999999787
CO,Low,2,55000.0,55000.0,8.75,8.75,949,1090,0.0,0.0
NY,Middle,2,65000.0,65000.0,7.25,7.25,6299,4140,0.0,0.0
AZ,Middle,32,235000.0,215000.0,6.875,6.99,5043,2561,20000.0,-0.11500000000000021
DC,Low,1,205000.0,205000.0,6.5,6.5,138,287,0.0,0.0
LA,Low,31,85000.0,95000.0,7.25,7.0,553,418,-10000.0,0.25
CT,Low,4,55000.0,55000.0,7.535,7.5,554,586,0.0,0.03500000000000014
NE,Middle,1,245000.0,235000.0,6.75,6.75,5545,3028,10000.0,0.0
TN,Low,4,55000.0,55000.0,8.5,8.5,2073,1681,0.0,0.0
LA,High,31,245000.0,265000.0,7.1,7.25,1033,237,-20000.0,-0.15000000000000036
NM,Middle,31,135000.0,105000.0,7.499499999999999,7.5,304,223,30000.0,-0.0005000000000006111
NC,Middle,31,115000.0,115000.0,7.005,6.75,4508,2562,0.0,0.2549999999999999
TN,Middle,31,155000.0,145000.0,7.25,7.24,2530,1066,10000.0,0.009999999999999787
SC,High,2,105000.0,105000.0,7.64,7.74,2121,753,0.0,-0.10000000000000053
MO,Middle,1,245000.0,235000.0,6.875,6.875,16445,9277,10000.0,0.0
SC,High,31,245000.0,215000.0,7.25,7.125,1087,360,30000.0,0.125
MO,Low,31,85000.0,75000.0,7.125,7.125,1230,997,10000.0,0.0
VT,High,32,255000.0,225000.0,6.625,7.0,125,83,30000.0,-0.375
NY,Low,2,55000.0,45000.0,7.0,7.0,2692,2404,10000.0,0.0
WY,Low,31,145000.0,110000.0,7.0,7.25,55,64,35000.0,-0.25
TN,High,1,445000.0,415000.0,6.625,6.75,15640,6303,30000.0,-0.125
NM,Middle,2,55000.0,55000.0,8.165,8.125,496,378,0.0,0.03999999999999915
RI,Middle,4,75000.0,75000.0,7.75,7.75,729,525,0.0,0.0
RI,Low,32,185000.0,155000.0,6.625,6.5,258,271,30000.0,0.125
MA,Middle,4,75000.0,75000.0,7.75,7.74,2522,1682,0.0,0.009999999999999787
VI,High,32,,375000.0,,7.99,,1,,
NJ,High,32,265000.0,255000.0,7.125,6.99,3794,1579,10000.0,0.1349999999999998
FL,Low,1,215000.0,195000.0,6.5,6.5,28285,24556,20000.0,0.0
WY,Low,2,55000.0,35000.0,8.5,7.25,67,71,20000.0,1.25
MN,Middle,32,195000.0,185000.0,6.875,6.75,2176,1136,10000.0,0.125
ND,High,1,355000.0,335000.0,6.625,6.5,1133,435,20000.0,0.125
LA,High,2,95000.0,105000.0,8.35,8.75,688,257,-10000.0,-0.40000000000000036
PR,Middle,1,185000.0,165000.0,6.25,6.25,1799,858,20000.0,0.0
TX,Low,4,75000.0,75000.0,7.5,7.5,2339,2008,0.0,0.0
WI,Low,4,45000.0,35000.0,7.5,7.5,2455,2018,10000.0,0.0
OK,High,1,335000.0,315000.0,6.75,6.875,6122,2402,20000.0,-0.125
MO,Low,2,45000.0,45000.0,7.75,7.74,1146,1037,0.0,0.009999999999999787
TN,Middle,2,65000.0,65000.0,8.5,8.49,3594,1881,0.0,0.009999999999999787
LA,Middle,32,175000.0,155000.0,6.75,6.75,1389,624,20000.0,0.0
OK,Low,32,125000.0,115000.0,6.625,6.625,1139,915,10000.0,0.0
AK,Middle,4,65000.0,65000.0,8.29,9.4,155,88,0.0,-1.1100000000000012
AL,High,1,375000.0,345000.0,6.625,6.625,8996,3103,30000.0,0.0
NY,Low,31,85000.0,85000.0,6.99,6.99,1959,1779,0.0,0.0
AZ,Low,32,175000.0,165000.0,6.625,6.625,3252,2697,10000.0,0.0
KS,Low,1,135000.0,135000.0,6.75,6.75,5167,3680,0.0,0.0
NC,Middle,2,65000.0,65000.0,7.49,7.25,6732,4257,0.0,0.2400000000000002
TX,High,1,425000.0,395000.0,6.5,6.625,86136,33436,30000.0,-0.125
WA,High,1,605000.0,565000.0,6.625,6.74,24050,11184,40000.0,-0.11500000000000021
DC,High,2,205000.0,135000.0,8.25,7.99,291,159,70000.0,0.2599999999999998
DC,Middle,2,85000.0,105000.0,8.59,8.5,67,93,-20000.0,0.08999999999999986
NM,Low,1,175000.0,155000.0,6.625,6.625,3499,2829,20000.0,0.0
SC,Low,31,105000.0,105000.0,7.125,6.987500000000001,850,832,0.0,0.1374999999999993
GA,High,31,255000.0,245000.0,7.375,7.25,2431,768,10000.0,0.125
NC,Low,2,55000.0,45000.0,7.49,7.25,3102,3338,10000.0,0.2400000000000002
DE,Low,4,75000.0,55000.0,8.39,8.5,231,229,20000.0,-0.10999999999999943
NC,Low,31,95000.0,85000.0,7.1,6.875,2919,2811,10000.0,0.22499999999999964
SC,Middle,2,75000.0,75000.0,7.75,7.74,2175,1222,0.0,0.009999999999999787
VT,Middle,4,65000.0,65000.0,7.75,7.5,256,168,0.0,0.25
OR,Low,2,55000.0,55000.0,8.25,8.25,951,996,0.0,0.0
GA,High,2,105000.0,105000.0,8.25,8.25,4410,1749,0.0,0.0
AZ,High,32,255000.0,235000.0,7.625,7.625,2748,958,20000.0,0.0
NH,Middle,2,75000.0,75000.0,7.99,7.74,1171,719,0.0,0.25
MS,Low,31,55000.0,55000.0,8.0,7.955,1036,892,0.0,0.04499999999999993
OR,High,4,105000.0,95000.0,8.5,8.5,1961,1069,10000.0,0.0
ID,Middle,4,75000.0,65000.0,8.5,8.75,1071,455,10000.0,-0.25
CT,Middle,31,145000.0,135000.0,6.99,6.94,1085,733,10000.0,0.04999999999999982
MO,High,1,365000.0,345000.0,6.875,6.875,10103,4365,20000.0,0.0
CT,Middle,2,65000.0,65000.0,7.49,7.375,1541,1055,0.0,0.11500000000000021
NE,High,1,365000.0,345000.0,6.75,6.875,3326,1463,20000.0,-0.125
NH,High,4,125000.0,105000.0,8.0,7.99,809,352,20000.0,0.009999999999999787
TX,Middle,1,285000.0,285000.0,6.5,6.5,100193,53997,0.0,0.0
OR,Middle,32,265000.0,245000.0,6.875,6.99,1840,1051,20000.0,-0.11500000000000021
KS,High,4,75000.0,75000.0,8.235,8.0,788,307,0.0,0.23499999999999943
SD,Low,1,185000.0,175000.0,6.375,6.375,1403,922,10000.0,0.0
UT,Low,32,185000.0,155000.0,6.625,6.75,1008,762,30000.0,-0.125
WV,Low,1,135000.0,125000.0,6.625,6.5,3555,2555,10000.0,0.125
CA,Middle,32,245000.0,235000.0,6.999,6.999,13286,8433,10000.0,0.0
OR,Low,31,135000.0,125000.0,7.33,7.45,510,509,10000.0,-0.1200000000000001
NH,Middle,31,195000.0,165000.0,7.5,7.5,474,298,30000.0,0.0
MS,High,4,75000.0,85000.0,8.25,8.25,850,199,-10000.0,0.0
SC,Low,2,55000.0,55000.0,7.75,7.875,999,984,0.0,-0.125
HI,Middle,4,105000.0,105000.0,5.45,5.35,487,287,0.0,0.10000000000000053
KY,Middle,2,55000.0,55000.0,8.25,8.25,2179,1138,0.0,0.0
UT,Middle,1,395000.0,385000.0,6.5,6.625,13997,6543,10000.0,-0.125
PA,Middle,4,55000.0,55000.0,7.615,7.625,7525,3817,0.0,-0.009999999999999787
MD,Low,4,55000.0,55000.0,8.02,8.24,614,640,0.0,-0.22000000000000064
ME,High,2,105000.0,105000.0,7.75,7.75,827,451,0.0,0.0
MD,Middle,1,345000.0,335000.0,6.625,6.625,14407,11585,10000.0,0.0
SD,Middle,1,275000.0,265000.0,6.5,6.625,2408,1252,10000.0,-0.125
KY,Middle,31,105000.0,105000.0,7.72,7.71,1778,781,0.0,0.009999999999999787
DC,Middle,31,215000.0,185000.0,7.055,6.625,40,61,30000.0,0.4299999999999997
VT,Low,4,45000.0,45000.0,7.5,7.75,139,121,0.0,-0.25
CA,Low,2,65000.0,65000.0,7.99,7.99,2361,2569,0.0,0.0
WY,High,31,250000.0,255000.0,7.0,7.125,92,27,-5000.0,-0.125
WY,High,2,105000.0,95000.0,8.875,7.75,135,56,10000.0,1.125
NE,Low,31,75000.0,75000.0,7.45,7.295,291,244,0.0,0.15500000000000025
VI,Low,1,235000.0,135000.0,7.125,7.125,1,1,100000.0,0.0
AL,Low,1,165000.0,155000.0,6.75,6.75,11073,8867,10000.0,0.0
CA,Low,31,235000.0,235000.0,7.25,7.25,2074,2169,0.0,0.0
AR,Low,4,45000.0,35000.0,8.5,8.587499999999999,783,626,10000.0,-0.08749999999999858
ME,High,31,225000.0,190000.0,7.5,7.3125,276,138,35000.0,0.1875
NM,High,32,255000.0,205000.0,6.99,7.125,427,179,50000.0,-0.1349999999999998
OK,Middle,32,175000.0,155000.0,6.75,6.75,1650,730,20000.0,0.0
NE,Low,2,45000.0,35000.0,7.75,7.75,310,286,10000.0,0.0
KY,Low,4,45000.0,45000.0,8.25,8.498999999999999,1384,1142,0.0,-0.24899999999999878
IN,High,1,365000.0,335000.0,6.75,6.875,10479,4165,30000.0,-0.125
DC,High,31,365000.0,365000.0,7.24,6.75,126,106,0.0,0.4900000000000002
MS,Low,2,45000.0,35000.0,8.25,8.25,379,351,10000.0,0.0
DE,Middle,1,315000.0,305000.0,6.625,6.625,3051,2391,10000.0,0.0
NJ,Middle,32,225000.0,215000.0,6.75,6.75,3970,2430,10000.0,0.0
ME,Low,1,185000.0,175000.0,6.625,6.625,1638,1369,10000.0,0.0
IL,Low,32,115000.0,115000.0,6.75,6.875,2413,2010,0.0,-0.125
SC,Middle,31,130000.0,135000.0,7.125,6.99,1148,615,-5000.0,0.1349999999999998
SD,High,32,155000.0,165000.0,7.75,7.625,200,85,-10000.0,0.125
RI,High,4,125000.0,105000.0,7.5,7.5,573,246,20000.0,0.0
WI,High,4,75000.0,65000.0,7.25,6.99,3177,1605,10000.0,0.2599999999999998
NJ,Middle,1,335000.0,315000.0,6.625,6.625,16995,11552,20000.0,0.0
WV,High,2,75000.0,65000.0,7.5,8.25,299,106,10000.0,-0.75
MA,High,4,145000.0,105000.0,7.5,7.5,3314,1632,40000.0,0.0
MN,Low,2,45000.0,45000.0,7.75,7.75,999,966,0.0,0.0
GA,Middle,31,175000.0,175000.0,7.0,6.875,2207,1277,0.0,0.125
MD,Middle,32,215000.0,205000.0,6.75,6.75,2922,2327,10000.0,0.0
MS,Middle,31,85000.0,75000.0,8.0,8.0,1545,555,10000.0,0.0
UT,Middle,32,245000.0,225000.0,6.99,6.99,2451,1030,20000.0,0.0
SD,Middle,32,155000.0,135000.0,7.375,7.125,490,218,20000.0,0.25
IL,High,31,205000.0,195000.0,7.45,7.245,2334,718,10000.0,0.20500000000000007
WA,Middle,4,75000.0,75000.0,8.45,8.25,3856,2386,0.0,0.1999999999999993
OH,High,2,95000.0,75000.0,8.25,8.44,5089,2055,20000.0,-0.1899999999999995
ID,Low,4,65000.0,55000.0,8.25,8.35,526,369,10000.0,-0.09999999999999964
NM,High,1,395000.0,365000.0,6.75,6.875,3240,1508,30000.0,-0.125
IN,High,32,175000.0,155000.0,7.25,7.249,2145,751,20000.0,0.001000000000000334
UT,High,4,105000.0,105000.0,8.0,7.99,2516,869,0.0,0.009999999999999787
AL,Low,32,135000.0,125000.0,6.5,6.625,2107,1778,10000.0,-0.125
WV,Low,32,105000.0,105000.0,6.5,6.625,592,439,0.0,-0.125
IL,Middle,4,55000.0,55000.0,8.75,8.75,4137,1949,0.0,0.0
OH,Low,2,45000.0,45000.0,8.59,8.65,4599,3878,0.0,-0.0600000000000005
IL,High,2,95000.0,85000.0,8.49,8.5,3827,1498,10000.0,-0.009999999999999787
MD,High,31,225000.0,245000.0,7.24,6.99,1476,654,-20000.0,0.25
OR,Middle,1,375000.0,355000.0,6.625,6.625,10475,7492,20000.0,0.0
GU,Middle,31,,375000.0,,6.0,,2,,
IL,Low,1,135000.0,135000.0,6.625,6.624,17625,15312,0.0,0.001000000000000334
AL,Middle,4,55000.0,55000.0,8.75,8.75,2522,1224,0.0,0.0
CT,Low,2,55000.0,55000.0,7.4,7.49,489,499,0.0,-0.08999999999999986
NV,High,31,265000.0,255000.0,7.24,7.49,409,172,10000.0,-0.25
ME,Low,32,145000.0,125000.0,6.75,6.75,543,481,20000.0,0.0
NM,Low,32,155000.0,145000.0,6.625,6.625,675,602,10000.0,0.0
CO,Low,4,55000.0,55000.0,8.74,8.7,1408,1445,0.0,0.040000000000000924
UT,Low,1,265000.0,245000.0,6.4945,6.5,3050,2066,20000.0,-0.005499999999999616
SD,High,1,385000.0,355000.0,6.625,6.75,1390,517,30000.0,-0.125
LA,Low,4,55000.0,65000.0,8.0,7.75,399,399,-10000.0,0.25
PR,High,31,205000.0,215000.0,6.5,7.25,29,7,-10000.0,-0.75
OH,High,31,155000.0,135000.0,7.625,7.75,2900,940,20000.0,-0.125
KS,Middle,2,55000.0,55000.0,8.0,8.25,1087,600,0.0,-0.25
MO,High,32,225000.0,205000.0,6.999,6.99,1178,460,20000.0,0.008999999999999453
MI,High,31,175000.0,145000.0,7.5,7.49,2129,676,30000.0,0.009999999999999787
WV,Middle,4,55000.0,65000.0,7.125,7.75,468,209,-10000.0,-0.625
FL,High,2,115000.0,105000.0,8.0,8.09,10384,4050,10000.0,-0.08999999999999986
KS,Middle,31,95000.0,105000.0,7.375,6.875,701,342,-10000.0,0.5
MI,High,2,95000.0,75000.0,8.25,8.25,3654,1559,20000.0,0.0
SD,Low,32,125000.0,105000.0,6.875,6.875,301,209,20000.0,0.0
OH,Low,31,85000.0,75000.0,7.75,7.55,3505,2885,10000.0,0.20000000000000018
GA,Middle,2,65000.0,65000.0,8.5,8.48,4134,2507,0.0,0.019999999999999574
AZ,High,1,475000.0,455000.0,6.625,6.625,20094,8524,20000.0,0.0
FL,High,31,255000.0,255000.0,7.49,7.375,4063,1498,0.0,0.11500000000000021
TX,Middle,32,165000.0,155000.0,7.19,7.25,10973,6150,10000.0,-0.05999999999999961
MN,Low,31,95000.0,85000.0,7.0,6.875,759,648,10000.0,0.125
DE,Middle,32,245000.0,215000.0,6.75,6.75,572,362,30000.0,0.0
WV,High,31,125000.0,125000.0,7.25,7.0,224,57,0.0,0.25
PR,High,2,275000.0,235000.0,6.5,7.1875,11,4,40000.0,-0.6875
OK,Middle,1,235000.0,225000.0,6.75,6.875,10987,5497,10000.0,-0.125
NV,High,2,105000.0,105000.0,8.4,8.25,1026,513,0.0,0.15000000000000036
CA,Middle,1,405000.0,395000.0,6.453,6.5,48057,29878,10000.0,-0.04699999999999971
CT,Low,31,105000.0,105000.0,6.999,6.99,525,511,0.0,0.008999999999999453
NE,High,32,185000.0,155000.0,7.0,7.0,408,173,30000.0,0.0
MD,High,2,105000.0,105000.0,8.0,8.0,3077,1515,0.0,0.0
NY,Middle,4,65000.0,65000.0,7.5,7.49,4609,2911,0.0,0.009999999999999787
MS,Middle,2,55000.0,55000.0,8.25,8.5,621,276,0.0,-0.25
RI,High,32,285000.0,275000.0,6.875,6.99,373,158,10000.0,-0.11500000000000021
NH,High,32,255000.0,205000.0,6.875,6.75,710,333,50000.0,0.125
WA,Middle,1,395000.0,375000.0,6.59,6.625,18506,11802,20000.0,-0.03500000000000014
WI,High,1,375000.0,355000.0,6.75,6.75,9669,4535,20000.0,0.0
VT,Low,32,135000.0,150000.0,6.617,6.5,117,122,-15000.0,0.11699999999999999
MT,Middle,31,145000.0,135000.0,7.75,7.5625,283,146,10000.0,0.1875
AR,Low,32,135000.0,125000.0,6.625,6.625,1174,824,10000.0,0.0
WV,Middle,1,225000.0,215000.0,6.75,6.75,3732,1935,10000.0,0.0
UT,High,1,545000.0,505000.0,6.625,6.625,9619,3321,40000.0,0.0
CA,Middle,4,75000.0,75000.0,8.75,8.49,9048,5986,0.0,0.2599999999999998
IN,Low,2,45000.0,35000.0,8.25,8.25,2784,2329,10000.0,0.0
LA,Low,1,155000.0,155000.0,6.75,6.75,6949,6319,0.0,0.0
AL,Middle,1,255000.0,245000.0,6.625,6.625,15660,7722,10000.0,0.0
MD,Low,32,165000.0,145000.0,6.5,6.5,1172,1181,20000.0,0.0
MS,High,32,175000.0,185000.0,6.75,6.625,373,111,-10000.0,0.125
SD,High,4,105000.0,75000.0,8.59,8.7,179,56,30000.0,-0.10999999999999943
VA,Middle,2,65000.0,55000.0,8.25,8.24,3776,2180,10000.0,0.009999999999999787
UT,Low,4,55000.0,45000.0,7.75,7.99,1160,864,10000.0,-0.2400000000000002
MT,Middle,2,65000.0,65000.0,8.65,8.5,503,282,0.0,0.15000000000000036
WI,Middle,31,85000.0,85000.0,6.375,6.0,3627,2231,0.0,0.375
KS,High,32,195000.0,175000.0,7.125,6.99,561,241,20000.0,0.1349999999999998
OR,Middle,4,65000.0,65000.0,8.5,8.5,2536,1611,0.0,0.0
CO,Low,1,225000.0,215000.0,6.5,6.5,4553,4053,10000.0,0.0
VA,Middle,31,155000.0,155000.0,7.125,6.875,1888,1081,0.0,0.25
AZ,High,4,105000.0,105000.0,8.75,8.5,3197,1321,0.0,0.25
HI,Middle,32,395000.0,345000.0,6.375,6.5,332,195,50000.0,-0.125
KY,Low,32,125000.0,115000.0,6.75,6.75,1957,1494,10000.0,0.0
VT,Middle,32,185000.0,205000.0,6.5,6.625,253,148,-20000.0,-0.125
ID,Low,1,235000.0,225000.0,6.375,6.375,2978,1931,10000.0,0.0
OR,High,32,305000.0,295000.0,7.5,7.25,1066,483,10000.0,0.25
WI,Middle,2,55000.0,55000.0,7.5,7.5,4637,2660,0.0,0.0
NJ,Middle,4,75000.0,65000.0,8.5,8.44,3449,2047,10000.0,0.0600000000000005
NM,High,4,105000.0,85000.0,8.49,8.375,379,171,20000.0,0.11500000000000021
OK,Middle,4,55000.0,55000.0,8.74,8.625,1425,630,0.0,0.11500000000000021
DC,Low,31,235000.0,165000.0,6.875,6.74,21,27,70000.0,0.1349999999999998
NH,Low,2,55000.0,55000.0,7.84,7.99,356,312,0.0,-0.15000000000000036
DC,Low,2,75000.0,95000.0,7.37,7.825,14,28,-20000.0,-0.45500000000000007
IL,Middle,1,245000.0,235000.0,6.75,6.75,29711,18781,10000.0,0.0
MA,High,1,585000.0,545000.0,6.5,6.575,16381,8878,40000.0,-0.07500000000000018
VA,Low,31,95000.0,95000.0,7.19,7.1125,1229,1140,0.0,0.07750000000000057
DE,Low,32,185000.0,160000.0,6.5,6.625,349,336,25000.0,-0.125
NH,Low,31,115000.0,105000.0,7.44,7.529999999999999,238,202,10000.0,-0.08999999999999897
NY,Middle,1,275000.0,255000.0,6.625,6.624,22707,16089,20000.0,0.001000000000000334
IN,Low,31,75000.0,65000.0,7.49,7.25,2361,1746,10000.0,0.2400000000000002
VA,Low,2,55000.0,45000.0,8.0,8.0,1333,1258,10000.0,0.0
PA,Middle,32,165000.0,155000.0,6.74,6.625,5781,3167,10000.0,0.11500000000000021
ID,Middle,32,195000.0,175000.0,7.125,7.25,1874,903,20000.0,-0.125
IL,Low,4,55000.0,45000.0,8.375,8.05,1802,1573,10000.0,0.3249999999999993
MA,Low,1,215000.0,205000.0,6.375,6.375,2307,2494,10000.0,0.0
NJ,High,31,255000.0,235000.0,7.49,7.25,3176,1153,20000.0,0.2400000000000002
PR,Low,4,95000.0,85000.0,6.3125,6.25,50,42,10000.0,0.0625
LA,High,32,205000.0,195000.0,6.999,6.9945,692,224,10000.0,0.004499999999999282
MO,Low,32,135000.0,125000.0,6.75,6.625,2527,1861,10000.0,0.125
WY,Low,32,165000.0,145000.0,6.482,6.625,185,145,20000.0,-0.1429999999999998
VT,High,2,85000.0,75000.0,7.5,7.5,433,241,10000.0,0.0
OH,Middle,4,55000.0,55000.0,8.74,8.75,7096,3596,0.0,-0.009999999999999787
DE,High,4,105000.0,85000.0,8.27,8.25,378,131,20000.0,0.019999999999999574
NC,Middle,32,225000.0,205000.0,6.75,6.75,6142,2936,20000.0,0.0
HI,High,1,725000.0,685000.0,6.375,6.5,3093,1467,40000.0,-0.125
MN,High,4,85000.0,75000.0,8.0,7.99,2463,1158,10000.0,0.009999999999999787
ID,High,4,125000.0,115000.0,8.5,8.5,693,225,10000.0,0.0
MT,Low,1,205000.0,175000.0,6.4655000000000005,6.5,1138,825,30000.0,-0.03449999999999953
IA,High,1,325000.0,305000.0,6.5,6.625,4282,1923,20000.0,-0.125
LA,Middle,2,65000.0,65000.0,8.49,8.5,675,361,0.0,-0.009999999999999787
ND,Middle,4,55000.0,55000.0,8.25,8.0,267,109,0.0,0.25
PA,High,4,105000.0,85000.0,7.74,7.5,5434,2231,20000.0,0.2400000000000002
SC,High,32,260000.0,235000.0,6.99,7.249,1376,557,25000.0,-0.25899999999999945
MN,Middle,31,105000.0,95000.0,7.25,7.1325,1419,822,10000.0,0.11749999999999972
HI,Low,1,235000.0,225000.0,6.25,6.375,213,192,10000.0,-0.125
IN,Middle,1,245000.0,235000.0,6.875,6.875,20455,10678,10000.0,0.0
TN,Middle,32,205000.0,195000.0,6.75,6.875,5614,2626,10000.0,-0.125
NM,Middle,32,205000.0,185000.0,6.75,6.75,1110,588,20000.0,0.0
OK,Low,31,85000.0,75000.0,7.375,7.125,633,443,10000.0,0.25
RI,Low,31,105000.0,105000.0,7.5,7.375,315,277,0.0,0.125
NC,High,1,425000.0,405000.0,6.5,6.625,29017,13143,20000.0,-0.125
MN,Middle,2,55000.0,55000.0,7.75,7.75,3013,1988,0.0,0.0
GA,Low,4,55000.0,55000.0,8.25,8.35,1841,1829,0.0,-0.09999999999999964
NY,Low,32,125000.0,125000.0,6.625,6.625,2014,1810,0.0,0.0
NJ,High,2,125000.0,105000.0,7.99,7.94,6149,2437,20000.0,0.04999999999999982
AZ,Low,2,55000.0,55000.0,7.74,7.74,1724,1756,0.0,0.0
LA,Middle,31,165000.0,155000.0,7.125,6.99,1047,415,10000.0,0.1349999999999998
VT,High,31,205000.0,165000.0,7.49,7.75,219,98,40000.0,-0.2599999999999998
RI,Low,2,65000.0,55000.0,7.75,7.6425,360,346,10000.0,0.10749999999999993
OK,Low,2,45000.0,35000.0,8.0,7.9,888,725,10000.0,0.09999999999999964
AZ,Low,31,155000.0,145000.0,7.125,7.0,910,840,10000.0,0.125
AK,High,4,85000.0,105000.0,9.0,7.875,127,57,-20000.0,1.125
VI,Middle,1,275000.0,320000.0,8.125,8.0,7,4,-45000.0,0.125
MS,Middle,1,225000.0,235000.0,6.75,6.75,6859,3552,-10000.0,0.0
ME,High,32,225000.0,210000.0,7.25,6.99,415,220,15000.0,0.2599999999999998
SD,High,2,85000.0,75000.0,8.25,8.4375,278,116,10000.0,-0.1875
NM,High,31,275000.0,185000.0,7.25,7.625,182,103,90000.0,-0.375
GU,Middle,1,385000.0,415000.0,6.125,6.375,31,13,-30000.0,-0.25
NJ,Middle,31,165000.0,155000.0,7.16,7.09,1782,1221,10000.0,0.07000000000000028
CA,Low,32,195000.0,175000.0,6.75,6.75,4365,4067,20000.0,0.0
MI,High,1,365000.0,335000.0,6.875,6.875,14947,6064,30000.0,0.0
DC,Low,4,105000.0,70000.0,6.99,8.245000000000001,17,32,35000.0,-1.2550000000000008
KS,Middle,1,235000.0,235000.0,6.75,6.75,7054,3631,0.0,0.0
SC,Middle,32,215000.0,195000.0,6.75,6.75,3472,1647,20000.0,0.0
VA,Middle,4,65000.0,65000.0,8.5,8.5,4144,2148,0.0,0.0
UT,Low,2,55000.0,45000.0,7.75,7.99,1130,1038,10000.0,-0.2400000000000002
WY,High,32,295000.0,205000.0,6.99,7.5,143,57,90000.0,-0.5099999999999998
SC,Low,32,165000.0,145000.0,6.5,6.625,2493,2113,20000.0,-0.125
OR,Middle,2,65000.0,65000.0,8.45,8.25,2802,2076,0.0,0.1999999999999993
GA,Middle,1,305000.0,305000.0,6.625,6.625,31761,21607,0.0,0.0
SD,High,31,175000.0,155000.0,7.75,7.25,246,71,20000.0,0.5
OH,High,1,355000.0,345000.0,6.64,6.75,17825,7467,10000.0,-0.11000000000000032
GA,High,32,265000.0,255000.0,7.125,7.125,3654,1597,10000.0,0.0
CA,Middle,2,85000.0,85000.0,8.19,8.0,10153,7500,0.0,0.1899999999999995
AZ,High,31,305000.0,285000.0,7.5,7.5,1472,561,20000.0,0.0
NJ,Middle,2,75000.0,75000.0,8.15,7.99,3474,2232,0.0,0.16000000000000014
WV,High,1,315000.0,295000.0,6.625,6.625,1570,735,20000.0,0.0
IL,Low,2,45000.0,35000.0,8.25,8.49,1493,1311,10000.0,-0.2400000000000002
CA,Middle,31,255000.0,255000.0,6.875,6.875,3311,2447,0.0,0.0
OK,Middle,2,55000.0,55000.0,8.0,8.0,1591,783,0.0,0.0
NH,Low,4,65000.0,55000.0,7.99,7.75,291,272,10000.0,0.2400000000000002
MS,Low,32,125000.0,115000.0,6.49,6.5,919,757,10000.0,-0.009999999999999787
VA,Low,4,55000.0,55000.0,8.24,8.0,1635,1504,0.0,0.2400000000000002
UT,Low,31,115000.0,105000.0,7.24,7.24,1013,769,10000.0,0.0
MN,Low,1,185000.0,175000.0,6.625,6.625,8175,6405,10000.0,0.0
OR,Middle,31,135000.0,125000.0,7.99,7.99,963,717,10000.0,0.0
NE,Low,32,115000.0,120000.0,6.75,6.75,561,414,-5000.0,0.0
NC,Low,32,165000.0,155000.0,6.5,6.5,4373,3595,10000.0,0.0
OH,Low,1,145000.0,135000.0,6.75,6.75,23100,17395,10000.0,0.0
KY,Middle,32,165000.0,155000.0,6.99,6.99,2327,1066,10000.0,0.0
IN,Low,4,45000.0,45000.0,8.25,8.25,3058,2252,0.0,0.0
NM,High,2,105000.0,85000.0,8.125,8.25,394,186,20000.0,-0.125
OK,Middle,31,145000.0,155000.0,7.25,7.125,871,382,-10000.0,0.125
PR,High,1,275000.0,255000.0,6.5,6.5,1046,396,20000.0,0.0
NV,High,1,465000.0,445000.0,6.625,6.625,7753,3693,20000.0,0.0
MD,High,1,505000.0,485000.0,6.625,6.625,14546,8104,20000.0,0.0
AZ,High,2,105000.0,105000.0,7.75,7.6,3686,1677,0.0,0.15000000000000036
MT,Middle,4,65000.0,55000.0,8.74,8.7,415,199,10000.0,0.040000000000000924
OR,Low,32,185000.0,165000.0,6.625,6.625,1047,793,20000.0,0.0
IL,Low,31,85000.0,75000.0,7.055,6.99,1497,1329,10000.0,0.0649999999999995
NH,Middle,32,205000.0,185000.0,6.625,6.5,1031,612,20000.0,0.125
IL,High,1,395000.0,375000.0,6.75,6.875,21708,9726,20000.0,-0.125
CT,Middle,32,205000.0,205000.0,6.75,6.75,1414,961,0.0,0.0
WI,Middle,4,55000.0,45000.0,7.5,7.25,5000,3000,10000.0,0.25
FL,High,1,445000.0,415000.0,6.625,6.75,67061,29524,30000.0,-0.125
CT,Low,1,185000.0,165000.0,6.375,6.25,3367,3229,20000.0,0.125
DC,Middle,32,305000.0,265000.0,6.875,6.5,95,139,40000.0,0.375
DC,High,32,355000.0,275000.0,7.25,7.25,186,147,80000.0,0.0
CO,Middle,2,70000.0,65000.0,8.75,8.75,3600,2427,5000.0,0.0
WA,Low,2,55000.0,55000.0,8.24,8.0,1168,1227,0.0,0.2400000000000002
TX,High,4,125000.0,105000.0,7.95,7.875,6493,2149,20000.0,0.07500000000000018
ME,Middle,2,65000.0,55000.0,7.75,7.75,1021,680,10000.0,0.0
MT,High,32,345000.0,285000.0,7.0,6.99,305,95,60000.0,0.009999999999999787
OK,High,4,75000.0,70000.0,8.75,8.74,937,280,5000.0,0.009999999999999787
AR,Middle,2,55000.0,55000.0,8.75,8.75,1015,433,0.0,0.0
ME,Middle,31,135000.0,140000.0,7.49,7.25,317,242,-5000.0,0.2400000000000002
AR,Middle,31,135000.0,125000.0,7.375,7.125,862,338,10000.0,0.25
ND,High,4,85000.0,85000.0,8.0,8.39,266,88,0.0,-0.39000000000000057
TN,High,4,125000.0,105000.0,8.5,8.55,3114,988,20000.0,-0.05000000000000071
TN,Low,1,195000.0,185000.0,6.5,6.5,12756,9527,10000.0,0.0
WY,Middle,31,135000.0,150000.0,7.375,7.0,121,64,-15000.0,0.375
PR,Middle,4,135000.0,135000.0,6.875,6.625,37,17,0.0,0.25
FL,Middle,2,75000.0,65000.0,8.24,8.0,10017,6202,10000.0,0.2400000000000002
MO,Middle,4,55000.0,55000.0,8.25,8.25,2569,1291,0.0,0.0
NE,Middle,4,55000.0,55000.0,8.0,8.0,790,366,0.0,0.0
NV,Low,31,155000.0,155000.0,6.99,7.032500000000001,362,348,0.0,-0.042500000000000426
MI,Middle,31,105000.0,105000.0,7.49,7.25,3028,1607,0.0,0.2400000000000002
KS,Low,4,35000.0,35000.0,7.99,7.84,502,444,0.0,0.15000000000000036
WY,Middle,2,65000.0,55000.0,8.525,7.625,228,74,10000.0,0.9000000000000004
NY,High,2,105000.0,105000.0,7.59,7.49,7037,3235,0.0,0.09999999999999964
WA,Low,31,155000.0,145000.0,7.13,7.19,742,708,10000.0,-0.0600000000000005
NV,Low,2,55000.0,55000.0,8.25,8.225,490,482,0.0,0.025000000000000355
MA,Middle,1,375000.0,355000.0,6.562,6.5,11059,8585,20000.0,0.06200000000000028
RI,Middle,1,355000.0,335000.0,6.75,6.75,2563,1899,20000.0,0.0
KY,High,2,95000.0,85000.0,8.0,8.25,1397,573,10000.0,-0.25
KY,High,31,165000.0,145000.0,7.73,7.75,1230,365,20000.0,-0.019999999999999574
MI,Middle,2,55000.0,55000.0,8.39,8.48,5659,3147,0.0,-0.08999999999999986
CA,High,31,405000.0,385000.0,7.24,7.112,8132,3419,20000.0,0.1280000000000001
WA,High,4,125000.0,105000.0,8.25,8.25,4157,1981,20000.0,0.0
AL,High,4,95000.0,85000.0,8.5,8.375,1953,616,10000.0,0.125
CA,High,2,155000.0,125000.0,8.25,8.0,18241,9337,30000.0,0.25
TX,Low,1,195000.0,185000.0,6.625,6.5,34388,26054,10000.0,0.125
AK,Middle,1,335000.0,325000.0,6.431,6.5,2309,1117,10000.0,-0.06899999999999995
NJ,Low,32,165000.0,155000.0,6.5,6.5,1169,1083,10000.0,0.0
FL,Low,4,55000.0,55000.0,8.085,8.25,4973,4528,0.0,-0.16499999999999915
CO,Middle,31,185000.0,185000.0,7.375,7.375,1307,789,0.0,0.0
NY,High,31,255000.0,215000.0,7.25,6.99,3486,1455,40000.0,0.2599999999999998
WI,Low,1,165000.0,155000.0,6.625,6.625,9246,6570,10000.0,0.0
PA,Low,32,125000.0,115000.0,6.625,6.62,3710,3154,10000.0,0.004999999999999893
FL,Middle,31,155000.0,155000.0,7.24,7.0,3524,2253,0.0,0.2400000000000002
GU,Low,1,315000.0,315000.0,5.75,5.875,5,3,0.0,-0.125
WA,Low,32,195000.0,175000.0,6.625,6.75,1455,1093,20000.0,-0.125
OH,Middle,1,235000.0,225000.0,6.75,6.875,28667,16511,10000.0,-0.125
NJ,Low,31,135000.0,125000.0,7.375,7.215,682,755,10000.0,0.16000000000000014
HI,Low,4,105000.0,85000.0,5.875,5.35,112,104,20000.0,0.5250000000000004
MA,Low,4,55000.0,55000.0,7.625,7.73,709,775,0.0,-0.10500000000000043
KY,High,32,205000.0,175000.0,7.25,7.324999999999999,908,338,30000.0,-0.07499999999999929
MT,High,2,105000.0,105000.0,8.725,8.5,392,145,0.0,0.22499999999999964
MT,Low,4,55000.0,55000.0,8.25,8.0,180,128,0.0,0.25
ME,Middle,32,185000.0,175000.0,6.99,6.99,905,472,10000.0,0.0
MI,Middle,32,155000.0,135000.0,6.99,6.99,5700,3055,20000.0,0.0
NJ,Low,2,55000.0,55000.0,7.99,7.99,711,803,0.0,0.0
IA,High,4,75000.0,65000.0,7.75,7.75,1048,479,10000.0,0.0
PA,High,1,395000.0,365000.0,6.625,6.625,20389,9015,30000.0,0.0
AK,High,1,445000.0,425000.0,6.5,6.625,1409,680,20000.0,-0.125
FL,Middle,32,225000.0,205000.0,6.75,6.875,14027,7927,20000.0,-0.125
HI,High,4,205000.0,205000.0,5.45,5.275,755,312,0.0,0.17499999999999982
PR,Low,1,105000.0,105000.0,6.5,6.5,3859,3904,0.0,0.0
MN,High,1,415000.0,395000.0,6.625,6.75,10665,5625,20000.0,-0.125
WY,Middle,32,215000.0,185000.0,6.625,6.625,357,158,30000.0,0.0
NY,High,32,305000.0,295000.0,6.999,6.99,4256,1881,10000.0,0.008999999999999453
CO,Middle,32,265000.0,235000.0,6.875,6.99,3634,2245,30000.0,-0.11500000000000021
PA,Low,31,85000.0,75000.0,7.0,7.0,3989,3242,10000.0,0.0
PA,Low,2,45000.0,45000.0,7.24,7.25,4581,3802,0.0,-0.009999999999999787
IN,Middle,4,55000.0,55000.0,8.5,8.5,4554,2018,0.0,0.0
GA,Low,1,205000.0,195000.0,6.625,6.5,14293,12970,10000.0,0.125
MT,High,31,305000.0,240000.0,7.75,7.9125,302,68,65000.0,-0.16249999999999964
AR,Middle,32,185000.0,165000.0,6.75,6.75,1280,535,20000.0,0.0
CA,High,32,295000.0,265000.0,7.75,7.625,15264,7083,30000.0,0.125
ID,High,1,475000.0,445000.0,6.655,6.75,4814,1915,30000.0,-0.09499999999999975
NV,Low,32,205000.0,175000.0,6.5,6.625,981,880,30000.0,-0.125
ND,Middle,1,255000.0,245000.0,6.5,6.5,2191,920,10000.0,0.0
DE,High,1,425000.0,405000.0,6.75,6.75,2750,1411,20000.0,0.0
NC,High,4,105000.0,105000.0,7.75,7.75,5870,2088,0.0,0.0
WI,Low,2,45000.0,45000.0,7.745,7.75,2216,1816,0.0,-0.004999999999999893
MA,Middle,31,175000.0,175000.0,7.25,7.25,1734,1356,0.0,0.0
CA,High,1,675000.0,635000.0,6.5,6.625,88578,41576,40000.0,-0.125
SC,High,4,105000.0,105000.0,7.875,8.0,1944,659,0.0,-0.125
MO,Low,4,45000.0,45000.0,7.875,7.74,1391,1087,0.0,0.1349999999999998
NM,Middle,4,55000.0,55000.0,8.68,8.49,581,357,0.0,0.1899999999999995
TN,Middle,4,65000.0,55000.0,8.75,8.75,3899,1746,10000.0,0.0
ID,High,32,235000.0,205000.0,7.797499999999999,8.125,884,323,30000.0,-0.32750000000000057
LA,High,4,95000.0,95000.0,8.6,9.0,655,239,0.0,-0.40000000000000036
TN,Low,2,55000.0,45000.0,8.3,8.25,1809,1681,10000.0,0.05000000000000071
FL,Middle,1,325000.0,305000.0,6.5,6.552,80805,51276,20000.0,-0.0519999999999996
AK,Middle,31,245000.0,255000.0,6.375,6.25,45,43,-10000.0,0.125
ND,Middle,32,165000.0,115000.0,6.75,6.75,258,109,50000.0,0.0
WY,Middle,1,285000.0,265000.0,6.5,6.625,1911,797,20000.0,-0.125
NV,Low,1,265000.0,235000.0,6.375,6.49,3586,2895,30000.0,-0.11500000000000021
TN,Low,31,95000.0,95000.0,7.25,7.125,1715,1456,0.0,0.125
CO,Middle,1,405000.0,375000.0,6.499,6.5,20577,12972,30000.0,-0.001000000000000334
ME,Middle,1,285000.0,275000.0,6.875,6.875,3183,2162,10000.0,0.0
WI,Low,31,75000.0,65000.0,6.75,6.5,2058,1667,10000.0,0.25
DE,High,32,245000.0,255000.0,6.99,7.0,283,129,-10000.0,-0.009999999999999787
WA,Low,1,235000.0,225000.0,6.5,6.5,4014,3305,10000.0,0.0
NC,Middle,4,65000.0,65000.0,7.75,7.75,7066,3765,0.0,0.0
NY,Low,4,55000.0,55000.0,7.25,7.25,2184,1852,0.0,0.0
KY,High,1,345000.0,335000.0,6.75,6.75,5571,2323,10000.0,0.0
PR,Low,32,105000.0,95000.0,6.25,6.25,233,199,10000.0,0.0
OH,Middle,32,145000.0,145000.0,6.99,6.99,7174,3824,0.0,0.0
WY,Low,4,55000.0,45000.0,7.505,6.5,104,91,10000.0,1.005
MA,Middle,2,85000.0,75000.0,7.74,7.74,3579,2579,10000.0,0.0
MN,High,32,225000.0,215000.0,7.25,6.99,1202,472,10000.0,0.2599999999999998
PA,High,32,195000.0,175000.0,6.875,6.75,3115,1396,20000.0,0.125
RI,Middle,31,145000.0,135000.0,7.5,7.49,586,410,10000.0,0.009999999999999787
GA,Low,32,165000.0,155000.0,6.5,6.5,4916,4571,10000.0,0.0
NY,High,1,535000.0,505000.0,6.5,6.5,27893,14840,30000.0,0.0
TX,Low,31,125000.0,125000.0,6.99,6.875,2020,2001,0.0,0.11500000000000021
AR,Middle,1,225000.0,225000.0,6.75,6.75,8426,4420,0.0,0.0
AK,High,32,255000.0,255000.0,7.0,6.9325,169,52,0.0,0.0674999999999999
RI,Middle,2,75000.0,70000.0,7.75,7.6375,898,662,5000.0,0.11249999999999982
AK,Middle,2,55000.0,55000.0,8.75,8.5,184,81,0.0,0.25
MI,Middle,1,235000.0,215000.0,6.875,6.875,24281,13560,20000.0,0.0
TX,Low,2,65000.0,55000.0,7.49,7.49,1523,1434,10000.0,0.0
IA,Middle,1,215000.0,205000.0,6.5,6.625,8469,4923,10000.0,-0.125
DE,Low,31,115000.0,105000.0,7.2425,7.47,220,211,10000.0,-0.22750000000000004
SC,Low,4,65000.0,55000.0,7.75,7.74,1247,1118,10000.0,0.009999999999999787
RI,High,2,105000.0,105000.0,7.5,7.49,775,387,0.0,0.009999999999999787
VA,High,1,525000.0,485000.0,6.5,6.625,22450,10390,40000.0,-0.125
ID,Middle,31,205000.0,165000.0,7.38,7.25,687,309,40000.0,0.1299999999999999
OR,High,2,105000.0,95000.0,8.375,8.25,2678,1571,10000.0,0.125
IA,Low,1,135000.0,125000.0,6.624,6.625,7525,5512,10000.0,-0.001000000000000334
NH,High,31,245000.0,205000.0,7.75,7.75,508,214,40000.0,0.0
NH,Middle,4,75000.0,75000.0,8.0,8.0,838,504,0.0,0.0
VT,Low,31,85000.0,85000.0,7.49,7.125,158,154,0.0,0.3650000000000002
CO,High,1,565000.0,525000.0,6.624,6.625,21701,10652,40000.0,-0.001000000000000334
NH,Low,32,155000.0,145000.0,6.625,6.5,377,322,10000.0,0.125
SC,Middle,4,75000.0,65000.0,8.19,8.0,2480,1226,10000.0,0.1899999999999995
GU,High,1,485000.0,465000.0,6.375,6.125,15,5,20000.0,0.25
KY,Middle,4,55000.0,55000.0,8.5,8.5,2208,1029,0.0,0.0
HI,Middle,2,125000.0,125000.0,5.3,5.25,541,301,0.0,0.04999999999999982
ME,High,4,115000.0,105000.0,7.75,7.875,568,274,10000.0,-0.125
VT,Low,2,45000.0,45000.0,7.49,7.5,200,230,0.0,-0.009999999999999787
AK,Low,1,225000.0,215000.0,6.375,6.375,540,403,10000.0,0.0
AR,High,1,335000.0,315000.0,6.75,6.75,4747,1714,20000.0,0.0
VT,Middle,2,55000.0,55000.0,7.5,7.5,449,351,0.0,0.0
MS,High,31,125000.0,115000.0,8.0,8.0,1108,255,10000.0,0.0
VT,Middle,31,115000.0,105000.0,7.25,7.25,261,165,10000.0,0.0
PA,Middle,2,55000.0,55000.0,7.25,7.365,8872,5055,0.0,-0.11500000000000021
MT,Middle,32,245000.0,215000.0,6.75,6.875,612,278,30000.0,-0.125
HI,Middle,31,225000.0,240000.0,5.1,5.2,461,270,-15000.0,-0.10000000000000053
ID,Middle,2,75000.0,65000.0,8.5,8.5,1751,885,10000.0,0.0
MD,Low,2,55000.0,55000.0,8.25,8.04,522,611,0.0,0.21000000000000085
CT,Middle,4,65000.0,55000.0,7.6075,7.5,1642,1062,10000.0,0.10749999999999993
VA,Low,32,165000.0,145000.0,6.5,6.625,2418,2210,20000.0,-0.125
WI,Middle,32,145000.0,135000.0,6.875,6.875,3551,1960,10000.0,0.0
MS,High,2,75000.0,75000.0,8.0,8.175,492,104,0.0,-0.1750000000000007
KS,High,2,85000.0,75000.0,7.74,7.74,1020,431,10000.0,0.0
NC,Low,4,55000.0,55000.0,7.75,7.5,3492,3242,0.0,0.25
NE,Low,4,45000.0,35000.0,7.95,7.7625,351,296,10000.0,0.1875
AR,Low,31,75000.0,75000.0,7.4945,7.1375,604,470,0.0,0.3570000000000002
IN,Low,32,105000.0,105000.0,6.75,6.75,4888,3766,0.0,0.0
KY,Low,2,45000.0,45000.0,8.25,8.25,1288,1125,0.0,0.0
AZ,Middle,1,355000.0,345000.0,6.45,6.5,25846,15166,10000.0,-0.04999999999999982
KY,Low,31,75000.0,75000.0,7.5,7.625,1333,1201,0.0,-0.125
OR,High,31,205000.0,165000.0,8.0,8.25,977,545,40000.0,-0.25
NH,High,2,105000.0,105000.0,7.875,7.75,1254,594,0.0,0.125
AR,Low,2,35000.0,35000.0,8.65,8.5,602,470,0.0,0.15000000000000036
PA,Middle,31,105000.0,105000.0,7.0,7.0,5751,2852,0.0,0.0
WY,High,4,95000.0,85000.0,6.99,7.0,185,75,10000.0,-0.009999999999999787
CT,High,1,455000.0,425000.0,6.624,6.625,6921,3449,30000.0,-0.001000000000000334
DE,Low,2,55000.0,55000.0,8.375,8.5,222,280,0.0,-0.125
OR,Low,4,55000.0,55000.0,8.4,8.49,917,895,0.0,-0.08999999999999986
ND,Low,1,175000.0,165000.0,6.35,6.25,1176,758,10000.0,0.09999999999999964
DC,Low,32,205000.0,215000.0,6.125,6.49,30,58,-10000.0,-0.3650000000000002
MD,Low,31,105000.0,105000.0,7.125,7.105,553,596,0.0,0.019999999999999574
MS,Low,4,45000.0,35000.0,8.25,8.25,646,601,10000.0,0.0
MI,Low,1,145000.0,135000.0,6.875,6.875,20316,16241,10000.0,0.0
VA,Middle,32,225000.0,205000.0,6.75,6.75,4283,2426,20000.0,0.0
NV,Middle,1,375000.0,360000.0,6.49,6.5,10832,6704,15000.0,-0.009999999999999787
CA,Low,4,65000.0,65000.0,7.99,7.875,2328,2187,0.0,0.11500000000000021
GA,High,4,105000.0,105000.0,8.6,8.64,3988,1467,0.0,-0.040000000000000924
KS,High,31,155000.0,135000.0,7.125,7.015000000000001,660,246,20000.0,0.10999999999999943
RI,High,31,225000.0,205000.0,7.5,7.49,547,236,20000.0,0.009999999999999787
DC,High,4,195000.0,135000.0,8.27,8.24,176,101,60000.0,0.02999999999999936
DC,Middle,4,85000.0,90000.0,8.5,8.25,65,82,-5000.0,0.25
NE,Low,1,165000.0,155000.0,6.625,6.625,3215,2194,10000.0,0.0
IN,High,2,85000.0,75000.0,8.25,8.19,2611,989,10000.0,0.0600000000000005
CT,Middle,1,285000.0,275000.0,6.5649999999999995,6.5,8398,6167,10000.0,0.0649999999999995
AL,Low,31,75000.0,75000.0,7.375,7.25,1129,1079,0.0,0.125
MD,Middle,2,65000.0,55000.0,8.49,7.99,2013,1533,10000.0,0.5
IN,High,31,165000.0,135000.0,7.625,7.5,1694,424,30000.0,0.125
NM,Low,2,55000.0,55000.0,7.99,7.99,239,310,0.0,0.0
NE,High,31,135000.0,145000.0,7.625,7.625,409,143,-10000.0,0.0
CT,High,4,105000.0,105000.0,7.74,7.6825,1736,848,0.0,0.05750000000000011
SD,Middle,2,55000.0,55000.0,8.25,8.25,409,208,0.0,0.0
NH,Middle,1,325000.0,310000.0,6.75,6.75,3384,2134,15000.0,0.0
MS,Low,1,135000.0,125000.0,6.75,6.75,5632,5096,10000.0,0.0
NV,Middle,4,65000.0,65000.0,9.0,8.99,1458,872,0.0,0.009999999999999787
OH,Low,32,115000.0,105000.0,6.75,6.75,5840,4628,10000.0,0.0
MN,Low,32,145000.0,135000.0,6.625,6.625,1306,956,10000.0,0.0
MO,High,31,185000.0,155000.0,7.375,7.3845,1397,476,30000.0,-0.009500000000000064
ME,Low,31,85000.0,85000.0,7.25,7.24,250,255,0.0,0.009999999999999787
OH,High,32,175000.0,160000.0,7.25,7.25,3407,1318,15000.0,0.0
MD,Middle,31,155000.0,185000.0,6.99,6.75,1109,830,-30000.0,0.2400000000000002
NM,Low,31,115000.0,85000.0,7.22,7.375,248,243,30000.0,-0.15500000000000025
SD,Middle,31,95000.0,105000.0,7.75,7.49,299,128,-10000.0,0.2599999999999998
DC,Middle,1,385000.0,355000.0,6.375,6.49,733,886,30000.0,-0.11500000000000021
SD,Low,31,65000.0,85000.0,7.4,7.125,125,105,-20000.0,0.27500000000000036
ND,Low,4,45000.0,55000.0,7.99,7.875,103,79,-10000.0,0.11500000000000021
WV,Low,31,65000.0,65000.0,6.844,6.625,431,326,0.0,0.2190000000000003
CT,Low,32,165000.0,155000.0,6.5,6.5,575,574,10000.0,0.0
WV,Low,2,45000.0,35000.0,7.5,7.0,343,285,10000.0,0.5
OR,Low,1,235000.0,205000.0,6.5,6.625,2994,2687,30000.0,-0.125
UT,Middle,31,115000.0,115000.0,7.5,7.74,2667,1190,0.0,-0.2400000000000002
GU,Middle,32,355000.0,370000.0,5.875,6.4375,5,2,-15000.0,-0.5625
NV,High,32,305000.0,275000.0,7.5,7.5,846,342,30000.0,0.0
AR,High,4,85000.0,65000.0,8.75,9.0,737,251,20000.0,-0.25
GA,Middle,32,225000.0,215000.0,6.75,6.75,7707,4505,10000.0,0.0
KS,Middle,32,155000.0,155000.0,6.875,6.875,1344,580,0.0,0.0
PR,High,32,265000.0,270000.0,6.75,6.5625,81,20,-5000.0,0.1875
FL,High,32,265000.0,245000.0,7.49,7.375,8166,3205,20000.0,0.11500000000000021
DC,High,1,705000.0,635000.0,6.375,6.49,1812,1307,70000.0,-0.11500000000000021
MS,Middle,32,165000.0,155000.0,6.5,6.5,1150,508,10000.0,0.0
KY,Middle,1,235000.0,225000.0,6.75,6.75,11178,5889,10000.0,0.0
DE,Middle,31,135000.0,165000.0,7.745,7.25,348,228,-30000.0,0.4950000000000001
VA,High,4,105000.0,105000.0,8.5,8.5,4111,1618,0.0,0.0
ME,Low,2,45000.0,45000.0,7.75,7.75,485,466,0.0,0.0
CA,Low,1,225000.0,205000.0,6.5,6.5,7723,6269,20000.0,0.0
ME,High,1,415000.0,385000.0,6.99,6.99,2636,1453,30000.0,0.0
MO,High,2,85000.0,75000.0,7.75,7.765000000000001,2069,902,10000.0,-0.015000000000000568
WY,High,1,405000.0,385000.0,6.75,6.75,860,324,20000.0,0.0
NE,High,2,75000.0,55000.0,7.75,7.75,625,279,20000.0,0.0
AL,Low,2,45000.0,45000.0,8.75,8.625,1012,959,0.0,0.125
NC,Low,1,195000.0,185000.0,6.5,6.5,18397,15464,10000.0,0.0
SC,Middle,1,285000.0,275000.0,6.625,6.625,20014,11962,10000.0,0.0
MD,High,32,235000.0,215000.0,7.0,6.99,2521,1389,20000.0,0.009999999999999787
UT,Middle,2,65000.0,65000.0,7.99,7.99,4378,1964,0.0,0.0
WV,High,32,195000.0,155000.0,6.99,6.625,235,85,40000.0,0.3650000000000002
AZ,Middle,4,65000.0,65000.0,8.95,8.75,4022,2236,0.0,0.1999999999999993
IL,High,32,215000.0,205000.0,7.5,7.375,2742,955,10000.0,0.125
TX,Middle,31,215000.0,195000.0,6.74,6.74,3886,2158,20000.0,0.0
SD,Low,2,35000.0,35000.0,8.25,8.0,155,130,0.0,0.25
CO,High,4,105000.0,105000.0,8.74,8.75,4746,2167,0.0,-0.009999999999999787
DE,Middle,2,75000.0,65000.0,8.25,8.15,611,449,10000.0,0.09999999999999964
SC,Low,1,195000.0,175000.0,6.5,6.5,11951,10462,20000.0,0.0
IA,Low,4,35000.0,35000.0,7.75,7.75,910,834,0.0,0.0
GA,High,1,445000.0,415000.0,6.625,6.75,23820,11018,30000.0,-0.125
MI,Low,4,55000.0,45000.0,8.49,8.5,3521,3038,10000.0,-0.009999999999999787
AK,Low,4,65000.0,70000.0,7.5,7.5875,47,48,-5000.0,-0.08750000000000036
TX,Middle,2,75000.0,65000.0,7.65,7.5,3981,2239,10000.0,0.15000000000000036
IA,Middle,4,45000.0,45000.0,7.75,7.84,1627,975,0.0,-0.08999999999999986
MI,High,32,185000.0,175000.0,7.49,7.25,2697,980,10000.0,0.2400000000000002
MD,Low,1,205000.0,205000.0,6.625,6.5,4414,4390,0.0,0.125
MS,High,1,325000.0,315000.0,6.75,6.875,3367,1110,10000.0,-0.125
AK,Low,31,175000.0,155000.0,6.49,6.5,21,31,20000.0,-0.009999999999999787
VA,High,31,245000.0,245000.0,7.37,7.0,2005,795,0.0,0.3700000000000001
NM,Low,4,55000.0,45000.0,8.25,8.25,306,285,10000.0,0.0
UT,High,32,285000.0,255000.0,7.25,7.375,1608,503,30000.0,-0.125
IA,Middle,31,75000.0,75000.0,7.0,7.03,1153,575,0.0,-0.03000000000000025
VT,Low,1,165000.0,155000.0,6.625,6.625,434,396,10000.0,0.0
MD,Middle,4,65000.0,65000.0,8.545,8.5,2034,1542,0.0,0.04499999999999993
PA,Middle,1,245000.0,245000.0,6.75,6.75,26647,16146,0.0,0.0
NH,High,1,455000.0,435000.0,6.875,6.875,3564,1794,20000.0,0.0
AL,Middle,32,185000.0,165000.0,6.75,6.75,3039,1233,20000.0,0.0
MO,High,4,85000.0,75000.0,8.12,8.25,1923,716,10000.0,-0.13000000000000078
UT,Middle,4,65000.0,55000.0,7.99,7.99,3653,1704,10000.0,0.0
DE,Middle,4,75000.0,55000.0,8.41,8.725000000000001,484,304,20000.0,-0.3150000000000013
MI,Low,2,45000.0,45000.0,8.4,8.49,3545,3082,0.0,-0.08999999999999986
SD,Middle,4,55000.0,55000.0,8.695,8.65,240,107,0.0,0.04499999999999993
WV,Low,4,45000.0,55000.0,7.25,7.0,379,298,-10000.0,0.25
NY,Middle,32,195000.0,195000.0,6.625,6.625,4360,2918,0.0,0.0
LA,Low,32,135000.0,125000.0,6.625,6.625,969,846,10000.0,0.0
CO,High,2,105000.0,105000.0,8.74,8.74,4837,2385,0.0,0.0
IA,Low,2,35000.0,25000.0,7.75,7.5,777,681,10000.0,0.25
ME,Low,4,55000.0,55000.0,7.75,7.89,381,347,0.0,-0.13999999999999968
MI,Low,31,85000.0,75000.0,7.25,7.25,2579,2025,10000.0,0.0
GU,High,31,450000.0,,7.125,,2,,,
VT,Middle,1,275000.0,255000.0,6.625,6.75,1031,822,20000.0,-0.125
CO,High,31,305000.0,275000.0,7.625,7.6375,1911,806,30000.0,-0.012500000000000178
AR,High,2,85000.0,75000.0,8.6375,8.5,730,214,10000.0,0.1374999999999993
CT,High,2,105000.0,105000.0,7.5,7.49,1986,949,0.0,0.009999999999999787
CT,High,31,225000.0,205000.0,7.25,6.99,1493,531,20000.0,0.2599999999999998
VA,High,2,105000.0,105000.0,8.25,8.24,4929,2033,0.0,0.009999999999999787
AZ,Middle,31,195000.0,195000.0,7.25,7.0,1311,768,0.0,0.25
KS,High,1,385000.0,355000.0,6.625,6.75,4488,1885,30000.0,-0.125
CO,Low,32,195000.0,165000.0,6.625,6.625,1677,1410,30000.0,0.0
ID,Low,32,165000.0,145000.0,6.75,6.875,1145,813,20000.0,-0.125
WI,High,32,175000.0,155000.0,7.0,6.99,1503,667,20000.0,0.009999999999999787
RI,High,1,455000.0,425000.0,6.625,6.75,1924,1086,30000.0,-0.125
OR,High,1,515000.0,485000.0,6.75,6.875,9234,5254,30000.0,-0.125
DE,Low,1,215000.0,205000.0,6.625,6.625,1336,1359,10000.0,0.0
NV,Middle,31,175000.0,155000.0,7.125,7.125,493,293,20000.0,0.0
ID,Middle,1,345000.0,335000.0,6.5,6.625,7757,3909,10000.0,-0.125
MA,High,32,305000.0,295000.0,6.99,6.99,2237,1078,10000.0,0.0
AZ,Middle,2,75000.0,65000.0,7.95,7.74,4345,2686,10000.0,0.20999999999999996
ND,Low,2,45000.0,35000.0,7.99,7.18,93,91,10000.0,0.8100000000000005
ND,Low,31,90000.0,85000.0,7.4,6.875,82,66,5000.0,0.5250000000000004
WA,Middle,32,275000.0,255000.0,6.75,6.99,3745,1985,20000.0,-0.2400000000000002
IL,Middle,32,165000.0,165000.0,6.99,6.99,4169,2280,0.0,0.0
IA,Middle,2,45000.0,45000.0,7.75,7.74,1623,887,0.0,0.009999999999999787
KY,Low,1,155000.0,145000.0,6.75,6.75,9684,7169,10000.0,0.0
IA,Low,31,55000.0,55000.0,6.99,7.0,772,707,0.0,-0.009999999999999787
WV,Middle,32,145000.0,145000.0,6.625,6.625,646,279,0.0,0.0
HI,Middle,1,445000.0,405000.0,6.25,6.375,1724,954,40000.0,-0.125
AL,Low,4,55000.0,45000.0,8.3,8.5,1251,1177,10000.0,-0.1999999999999993
AK,Low,2,45000.0,55000.0,7.99,7.5,51,37,-10000.0,0.4900000000000002
NE,High,4,75000.0,75000.0,8.23,8.0,547,227,0.0,0.23000000000000043
SD,Low,4,55000.0,35000.0,7.955,8.25,136,85,20000.0,-0.29499999999999993
AR,Low,1,145000.0,135000.0,6.75,6.75,6669,4991,10000.0,0.0
IN,High,4,95000.0,75000.0,8.25,8.25,2325,693,20000.0,0.0
AR,High,31,255000.0,210000.0,7.375,7.25,704,192,45000.0,0.125
NV,Middle,2,65000.0,65000.0,8.495000000000001,8.25,1300,811,0.0,0.245000000000001
TX,Middle,4,75000.0,75000.0,7.75,7.75,5575,2697,0.0,0.0
